campaign_id,date,channel,impressions,clicks,conversions,cost_usd,revenue_usd,region,device
1006,2024-01-01,Google Ads,42621,1108,487,4207.33,4690.11,South,Desktop
1003,2024-01-02,LinkedIn,12695,1026,371,1870.88,11771.99,Northeast,Tablet
1007,2024-01-03,Instagram,3852,4627,326,4312.99,11534.71,Northeast,Mobile
1004,2024-01-04,LinkedIn,17014,777,418,2093.34,10436.5,Northeast,Mobile
1006,2024-01-05,LinkedIn,28042,2577,313,1708.34,14491.46,West,Desktop
1009,2024-01-06,LinkedIn,34755,3186,294,2324.55,6024.62,Midwest,Tablet
1002,2024-01-07,LinkedIn,41390,392,410,3835.99,2134.62,West,Mobile
1006,2024-01-08,Email,24711,1497,327,717.41,10141.29,Northeast,Desktop
1007,2024-01-09,Email,27122,2429,138,1062.45,10993.79,Midwest,Mobile
1004,2024-01-10,Facebook,10160,3709,211,4762.08,8710.9,Midwest,Mobile
1003,2024-01-11,Google Ads,28213,576,287,959.91,3260.9,Northeast,Mobile
1007,2024-01-12,LinkedIn,40420,1946,270,2881.86,7665.95,Northeast,Desktop
1007,2024-01-13,Facebook,8421,4804,77,2938.64,4820.41,West,Tablet
1002,2024-01-14,Google Ads,22400,2123,485,2499.16,6526.5,Northeast,Desktop
1005,2024-01-15,Instagram,34537,4965,356,3259.25,9749.23,Midwest,Tablet
1004,2024-01-16,Email,18727,455,52,1226.15,11229.18,South,Mobile
1001,2024-01-17,Google Ads,47882,1623,330,2808.05,3636.93,Northeast,Tablet
1007,2024-01-18,Instagram,5358,4650,237,1923.65,6198.82,Northeast,Mobile
1005,2024-01-19,Google Ads,29482,3790,447,3342.17,4183.59,West,Mobile
1001,2024-01-20,Email,33117,4324,104,792.0,3139.75,West,Desktop
1004,2024-01-21,Email,24164,4277,63,2897.3,11794.13,Northeast,Mobile
1000,2024-01-22,Facebook,32910,1896,262,1007.82,13656.94,Midwest,Desktop
1009,2024-01-23,LinkedIn,33496,1528,417,1465.35,5679.44,Midwest,Tablet
1005,2024-01-24,Google Ads,45311,2445,456,1171.68,11318.93,South,Tablet
1008,2024-01-25,Google Ads,30371,821,69,995.91,13475.53,Northeast,Mobile
1000,2024-01-26,Instagram,39467,628,87,4145.98,12722.64,West,Desktop
1009,2024-01-27,Email,18625,2951,158,1499.97,2905.64,Midwest,Mobile
1002,2024-01-28,Google Ads,34893,243,477,4642.91,14353.12,South,Desktop
1006,2024-01-29,Email,11793,2057,270,4852.64,5774.81,Northeast,Desktop
1003,2024-01-30,Google Ads,32007,1235,313,2899.18,5220.76,Midwest,Desktop
1008,2024-01-31,Facebook,26766,2444,83,800.71,1123.98,Northeast,Tablet
1002,2024-02-01,LinkedIn,40532,3048,319,1935.29,7395.37,Northeast,Desktop
1004,2024-02-02,Google Ads,13323,1842,154,4008.89,1813.4,Midwest,Tablet
1002,2024-02-03,Email,46799,1160,439,1900.21,3878.39,Midwest,Desktop
1006,2024-02-04,Facebook,47820,4055,52,526.38,4890.75,Midwest,Tablet
1004,2024-02-05,Google Ads,46408,2311,409,2828.25,12170.63,Northeast,Tablet
1008,2024-02-06,Instagram,8843,3786,383,4241.09,13157.23,Northeast,Tablet
1006,2024-02-07,LinkedIn,15210,3843,252,4000.04,4676.5,South,Mobile
1001,2024-02-08,Google Ads,17456,1986,282,958.1,12908.73,West,Desktop
1003,2024-02-09,Facebook,32367,4925,360,3396.55,12887.02,Northeast,Mobile
1008,2024-02-10,Instagram,11106,4407,102,1180.47,11516.83,West,Desktop
1001,2024-02-11,Facebook,38957,779,418,1169.22,2371.09,Midwest,Desktop
1009,2024-02-12,Facebook,3472,4428,29,4382.95,10416.78,Northeast,Mobile
1008,2024-02-13,Instagram,7704,3501,497,1323.38,14186.36,South,Tablet
1009,2024-02-14,Facebook,4713,4507,288,1389.91,10301.6,South,Desktop
1004,2024-02-15,Instagram,6051,4586,453,103.2,5107.93,West,Tablet
1001,2024-02-16,Google Ads,11756,2190,373,4366.28,7608.57,Midwest,Mobile
1003,2024-02-17,Instagram,3475,1694,305,3983.71,9756.73,West,Tablet
1006,2024-02-18,Instagram,37378,2850,72,3173.91,7756.44,Midwest,Desktop
1007,2024-02-19,LinkedIn,5255,191,11,3776.3,1975.3,South,Desktop
1002,2024-02-20,Instagram,15484,1505,309,845.04,4818.55,West,Desktop
1000,2024-02-21,Instagram,35503,4846,141,2345.79,12075.46,South,Mobile
1003,2024-02-22,Google Ads,9258,2146,168,1820.97,12948.99,South,Desktop
1001,2024-02-23,LinkedIn,41747,1375,87,559.5,2232.04,Midwest,Mobile
1007,2024-02-24,Email,36196,1263,389,2482.04,14295.32,West,Tablet
1003,2024-02-25,Google Ads,46113,1209,142,4611.62,5066.57,West,Desktop
1001,2024-02-26,Google Ads,41194,4700,424,296.29,10002.24,South,Desktop
1005,2024-02-27,Email,9533,4549,77,1528.16,11327.01,South,Desktop
1005,2024-02-28,Instagram,33581,4747,241,1116.95,12216.8,Midwest,Tablet
1009,2024-02-29,Facebook,6249,390,50,1266.92,14197.1,Northeast,Desktop
1003,2024-03-01,LinkedIn,20201,3878,110,4551.33,4831.21,Northeast,Mobile
1005,2024-03-02,Facebook,10686,2018,420,2393.54,12905.9,South,Tablet
1001,2024-03-03,Email,47877,753,292,2384.87,2148.97,Northeast,Tablet
1009,2024-03-04,Google Ads,33007,4463,266,3826.82,10634.61,Northeast,Tablet
1001,2024-03-05,Google Ads,1661,2479,180,857.01,11181.27,Northeast,Tablet
1009,2024-03-06,LinkedIn,45843,1850,170,2487.6,10230.3,Northeast,Tablet
1003,2024-03-07,Google Ads,31137,4962,149,2206.93,3934.26,South,Mobile
1007,2024-03-08,Google Ads,48556,4698,334,3024.86,13121.04,Northeast,Tablet
1006,2024-03-09,LinkedIn,43828,905,374,4997.83,2699.11,Northeast,Desktop
1008,2024-03-10,LinkedIn,49604,1862,287,3870.3,993.79,Midwest,Tablet
1007,2024-03-11,Email,11526,2916,58,2049.54,10818.48,South,Tablet
1004,2024-03-12,Google Ads,4374,3692,182,4155.01,7237.04,West,Tablet
1001,2024-03-13,Google Ads,26592,232,423,936.47,12766.65,West,Tablet
1004,2024-03-14,Email,29982,3162,248,249.27,5874.28,Midwest,Tablet
1007,2024-03-15,Instagram,1207,4542,345,1101.8,2690.52,Midwest,Mobile
1009,2024-03-16,Instagram,36433,1567,131,1768.02,12579.34,South,Mobile
1008,2024-03-17,Instagram,24197,1406,413,2601.85,8323.86,West,Tablet
1008,2024-03-18,Email,34400,2224,416,3114.13,3000.1,Northeast,Mobile
1000,2024-03-19,Google Ads,4083,3679,371,4561.97,10861.68,Midwest,Desktop
1008,2024-03-20,Email,30328,3678,275,2598.28,7764.48,West,Tablet
1006,2024-03-21,Email,47479,4146,136,2556.25,9143.83,South,Desktop
1008,2024-03-22,Instagram,43891,3289,97,346.19,7021.3,Northeast,Desktop
1007,2024-03-23,Facebook,21103,3741,383,271.07,12464.89,South,Tablet
1000,2024-03-24,Google Ads,40891,68,77,2800.68,12477.53,Midwest,Desktop
1007,2024-03-25,Instagram,11754,3453,415,2247.08,10698.95,West,Desktop
1007,2024-03-26,Facebook,35447,4729,414,4211.98,1759.94,West,Desktop
1002,2024-03-27,Facebook,16901,4601,407,887.33,12615.04,West,Tablet
1000,2024-03-28,LinkedIn,34004,3054,252,222.36,10130.99,West,Tablet
1007,2024-03-29,Google Ads,8446,1182,352,2300.29,10515.96,Northeast,Desktop
1002,2024-03-30,Facebook,38211,3389,277,1263.64,5572.15,Northeast,Tablet
1002,2024-03-31,Instagram,49231,3361,47,343.11,13213.34,South,Tablet
1000,2024-04-01,LinkedIn,30301,3422,381,3650.53,10935.5,Northeast,Desktop
1004,2024-04-02,Google Ads,27116,1037,45,646.81,1866.34,Midwest,Tablet
1009,2024-04-03,Email,42323,3371,174,3080.77,6235.11,Midwest,Mobile
1006,2024-04-04,Instagram,19752,4665,438,1477.14,13318.43,West,Tablet
1009,2024-04-05,Facebook,33376,223,216,950.13,898.51,Midwest,Mobile
1008,2024-04-06,Facebook,17669,3791,497,1960.78,14428.97,South,Desktop
1006,2024-04-07,Instagram,33916,3102,172,4027.08,10251.61,Northeast,Tablet
1008,2024-04-08,Facebook,14395,776,43,2021.26,9544.36,Northeast,Desktop
1007,2024-04-09,LinkedIn,21421,3810,373,3778.77,4204.28,Northeast,Desktop
1001,2024-04-10,Google Ads,27342,1925,249,714.88,3882.12,Midwest,Desktop
1000,2024-04-11,LinkedIn,5895,4083,155,3886.58,14142.46,Northeast,Desktop
1006,2024-04-12,Facebook,12023,1039,115,1260.97,4614.43,West,Desktop
1006,2024-04-13,Email,11699,3794,484,3419.23,11677.48,West,Tablet
1007,2024-04-14,Google Ads,10715,2736,440,2872.33,6018.2,West,Mobile
1004,2024-04-15,Google Ads,20169,469,51,4652.81,2260.96,Midwest,Tablet
1002,2024-04-16,Instagram,17163,643,67,1997.88,358.59,Northeast,Tablet
1007,2024-04-17,Instagram,6782,1824,229,424.21,8255.01,Midwest,Tablet
1005,2024-04-18,Email,23641,2509,370,193.86,14641.53,Northeast,Tablet
1002,2024-04-19,Google Ads,19792,985,73,4151.61,5663.22,South,Mobile
1000,2024-04-20,Email,36585,3858,303,2671.2,5486.45,South,Tablet
1002,2024-04-21,Instagram,31682,381,436,3898.7,5292.56,Midwest,Desktop
1004,2024-04-22,Instagram,48864,3499,294,1248.69,7904.05,West,Tablet
1002,2024-04-23,Google Ads,19880,2752,300,1790.91,6721.84,Midwest,Tablet
1000,2024-04-24,LinkedIn,39067,4056,207,247.51,13222.74,West,Mobile
1004,2024-04-25,Facebook,43685,3918,65,4811.31,7681.71,Northeast,Mobile
1009,2024-04-26,Instagram,19073,4250,438,3372.55,7714.82,West,Desktop
1006,2024-04-27,Instagram,37035,251,455,4672.7,2247.9,West,Tablet
1006,2024-04-28,LinkedIn,38174,2547,322,1400.93,14744.55,Northeast,Tablet
1008,2024-04-29,LinkedIn,25837,1892,318,3096.17,3899.6,South,Tablet
1009,2024-04-30,Email,18826,1916,165,3424.65,1285.79,Northeast,Desktop
1009,2024-05-01,Email,25981,2046,335,1655.99,10014.56,Midwest,Mobile
1002,2024-05-02,Facebook,11382,959,20,4255.74,9011.42,Midwest,Desktop
1006,2024-05-03,Facebook,5437,4355,342,4741.09,6344.16,Midwest,Tablet
1000,2024-05-04,Google Ads,6435,4708,98,4435.79,6448.45,Midwest,Mobile
1003,2024-05-05,Email,25819,3239,308,3721.43,11818.95,Midwest,Mobile
1003,2024-05-06,Instagram,37875,820,142,1459.58,3096.55,South,Desktop
1004,2024-05-07,Email,32982,3205,342,1479.92,12339.75,South,Mobile
1006,2024-05-08,Instagram,34328,2551,42,4820.47,9801.46,West,Mobile
1006,2024-05-09,LinkedIn,13329,2764,131,150.39,6400.75,Midwest,Tablet
1003,2024-05-10,Email,26169,4774,279,3608.64,6978.82,Northeast,Tablet
1006,2024-05-11,LinkedIn,22932,3635,168,3560.61,3998.38,Midwest,Mobile
1002,2024-05-12,Facebook,35594,1678,447,3151.18,11331.29,South,Mobile
1005,2024-05-13,Facebook,12421,436,323,4951.53,7790.55,Midwest,Desktop
1001,2024-05-14,Google Ads,46033,3471,81,1628.21,4948.65,South,Desktop
1009,2024-05-15,Email,8629,4058,178,1765.86,9021.54,West,Mobile
1008,2024-05-16,LinkedIn,9325,4143,391,486.8,14936.87,West,Tablet
1004,2024-05-17,Instagram,29495,4413,462,2269.71,6641.88,West,Mobile
1005,2024-05-18,Facebook,32750,2516,362,1379.14,13826.23,South,Mobile
1003,2024-05-19,Facebook,30619,2332,325,1782.59,5306.25,Midwest,Tablet
1009,2024-05-20,Instagram,41461,1906,380,4189.4,1010.04,Midwest,Tablet
1006,2024-05-21,LinkedIn,9264,2048,95,4683.87,3222.78,Northeast,Desktop
1008,2024-05-22,LinkedIn,13686,1286,242,1010.09,6396.69,South,Desktop
1006,2024-05-23,Email,47484,4719,268,1925.29,3450.6,Northeast,Desktop
1000,2024-05-24,Email,25226,4194,183,4650.29,203.36,West,Desktop
1000,2024-05-25,Google Ads,7721,1200,498,402.86,13742.02,Midwest,Tablet
1008,2024-05-26,Facebook,21609,4368,494,552.57,12689.42,South,Mobile
1008,2024-05-27,Email,8373,1481,213,897.68,11185.93,Northeast,Desktop
1003,2024-05-28,LinkedIn,39675,1869,77,3016.54,2683.66,Northeast,Desktop
1008,2024-05-29,Instagram,49895,2374,394,837.31,1981.38,Northeast,Tablet
1002,2024-05-30,LinkedIn,29937,1180,111,4843.57,1200.55,Midwest,Tablet
1006,2024-05-31,Facebook,6656,2708,349,2288.9,10915.63,Midwest,Mobile
1005,2024-06-01,LinkedIn,9984,3550,299,2557.44,13946.36,Midwest,Mobile
1007,2024-06-02,Google Ads,30984,424,373,1308.63,6571.93,South,Tablet
1008,2024-06-03,Facebook,9286,2170,448,2407.71,1963.28,Midwest,Desktop
1004,2024-06-04,Instagram,6901,4070,288,3343.38,7783.41,South,Desktop
1000,2024-06-05,Google Ads,32552,2071,357,3780.77,5362.71,Northeast,Desktop
1002,2024-06-06,Facebook,26709,3755,186,3793.95,5747.41,Northeast,Mobile
1009,2024-06-07,Instagram,32055,3309,41,2931.67,9395.69,West,Desktop
1007,2024-06-08,Google Ads,38685,3485,141,4531.36,10837.03,Midwest,Desktop
1005,2024-06-09,Google Ads,9429,1939,342,4105.3,1836.93,Northeast,Tablet
1007,2024-06-10,Facebook,15716,1873,60,3809.54,726.74,Midwest,Desktop
1008,2024-06-11,Email,49563,1524,191,372.47,14916.09,South,Tablet
1003,2024-06-12,Google Ads,12138,2292,345,133.7,3644.38,Northeast,Desktop
1000,2024-06-13,Google Ads,36298,3293,262,1140.99,996.69,Midwest,Mobile
1000,2024-06-14,Instagram,24429,3184,449,3351.27,3010.15,Northeast,Desktop
1009,2024-06-15,LinkedIn,6772,2120,62,2114.87,776.58,Northeast,Desktop
1003,2024-06-16,Facebook,49244,409,367,2071.79,5998.8,Midwest,Tablet
1006,2024-06-17,Facebook,49519,2091,127,4434.48,12075.55,Northeast,Tablet
1001,2024-06-18,Email,36732,1191,192,4488.26,5250.42,Northeast,Tablet
1002,2024-06-19,Email,40905,1685,234,4554.96,6773.91,Northeast,Desktop
1000,2024-06-20,Facebook,18347,4050,172,1638.0,10198.68,Northeast,Desktop
1004,2024-06-21,Email,17920,1993,424,3486.17,7731.63,South,Mobile
1000,2024-06-22,Instagram,32822,4824,118,1431.0,12949.4,Northeast,Desktop
1007,2024-06-23,Facebook,47659,3411,256,1033.99,13017.33,West,Mobile
1000,2024-06-24,Email,41108,3030,111,1004.7,346.68,Northeast,Tablet
1000,2024-06-25,Facebook,24563,56,41,1776.33,11715.09,Midwest,Tablet
1001,2024-06-26,LinkedIn,8967,3317,339,2206.79,7018.86,West,Tablet
1001,2024-06-27,Google Ads,46183,1641,96,4171.65,14834.84,South,Mobile
1005,2024-06-28,Facebook,12871,4978,22,687.47,7351.83,West,Desktop
1006,2024-06-29,Google Ads,29763,3314,358,3701.14,14806.06,West,Tablet
1004,2024-06-30,Email,12916,2656,67,2704.13,11367.63,West,Desktop
1000,2024-07-01,Google Ads,9734,3269,154,1510.93,3879.35,Midwest,Desktop
1000,2024-07-02,Facebook,34613,3323,143,2514.82,8168.25,Midwest,Tablet
1002,2024-07-03,LinkedIn,29179,963,190,1569.72,14883.61,Midwest,Mobile
1001,2024-07-04,Email,36262,2061,189,3020.8,12891.45,South,Desktop
1004,2024-07-05,Facebook,13677,1492,209,2225.84,1641.03,Midwest,Tablet
1009,2024-07-06,Email,19268,3104,264,905.59,10654.31,Midwest,Desktop
1005,2024-07-07,Instagram,13330,3596,218,671.26,5314.58,West,Desktop
1006,2024-07-08,Google Ads,21733,4271,260,2778.81,303.34,Midwest,Desktop
1003,2024-07-09,Instagram,38947,4962,139,4521.82,6171.52,Northeast,Desktop
1006,2024-07-10,Facebook,28286,2978,65,1785.39,3674.37,Midwest,Desktop
1007,2024-07-11,LinkedIn,7610,1879,367,3691.7,12319.27,South,Mobile
1000,2024-07-12,Email,7430,625,314,3327.44,5192.49,South,Mobile
1005,2024-07-13,Google Ads,40922,979,92,4664.62,12447.35,Northeast,Tablet
1007,2024-07-14,Email,14828,3809,328,4122.81,208.85,South,Mobile
1004,2024-07-15,Facebook,43913,3749,480,2876.37,4755.72,South,Mobile
1003,2024-07-16,Email,32497,1513,211,3319.45,3769.25,West,Mobile
1001,2024-07-17,Google Ads,40256,3325,133,4502.09,3656.8,Northeast,Desktop
1005,2024-07-18,Facebook,37618,4978,315,2057.64,1209.16,West,Desktop
1005,2024-07-19,Email,47332,1104,7,1701.29,2969.44,West,Tablet
1000,2024-07-20,LinkedIn,27526,1950,466,152.97,8422.13,Midwest,Tablet
1008,2024-07-21,Facebook,31158,1507,426,4150.1,4512.14,Northeast,Tablet
1005,2024-07-22,Facebook,26032,1449,246,4024.81,6377.44,Midwest,Desktop
1002,2024-07-23,LinkedIn,38846,3465,125,611.83,5777.63,Midwest,Mobile
1003,2024-07-24,Instagram,45936,492,389,2926.6,13163.39,West,Mobile
1003,2024-07-25,Google Ads,30794,3700,106,2373.51,13598.43,South,Desktop
1002,2024-07-26,Instagram,6448,4702,42,681.67,7495.76,Northeast,Tablet
1009,2024-07-27,Email,29861,1228,345,4904.78,5086.31,South,Tablet
1002,2024-07-28,LinkedIn,29141,4508,417,1152.01,1780.65,West,Tablet
1002,2024-07-29,Instagram,10074,1307,137,429.45,14310.36,West,Desktop
1003,2024-07-30,Facebook,7406,3684,206,3014.75,1091.36,West,Tablet
1006,2024-07-31,Email,32823,1891,352,3720.45,4605.22,West,Tablet
1003,2024-08-01,Email,24291,2359,25,258.97,4611.38,West,Desktop
1008,2024-08-02,Instagram,42568,960,246,3327.72,4941.94,West,Mobile
1000,2024-08-03,Instagram,33003,4390,459,2708.23,2631.45,South,Desktop
1007,2024-08-04,LinkedIn,47851,4687,455,606.0,11790.79,Midwest,Desktop
1006,2024-08-05,Google Ads,35406,4059,113,945.37,2012.97,South,Desktop
1001,2024-08-06,Instagram,24312,2219,307,2883.07,9596.62,Northeast,Desktop
1007,2024-08-07,Instagram,44108,2222,88,1552.15,2032.92,South,Mobile
1000,2024-08-08,Facebook,2382,173,87,4697.75,1243.93,West,Tablet
1008,2024-08-09,Email,35171,3208,295,4111.83,13659.56,South,Desktop
1008,2024-08-10,Google Ads,42779,835,456,4919.48,3013.91,Midwest,Mobile
1001,2024-08-11,Facebook,4292,2466,73,1372.39,12354.5,Northeast,Tablet
1006,2024-08-12,LinkedIn,42779,846,133,4851.65,8260.54,South,Tablet
1009,2024-08-13,LinkedIn,34187,4222,200,2213.05,1352.28,Midwest,Tablet
1002,2024-08-14,Instagram,13411,4204,144,1802.84,14340.63,South,Desktop
1006,2024-08-15,Instagram,38285,1986,448,346.71,3855.03,Northeast,Desktop
1009,2024-08-16,LinkedIn,16422,2206,287,358.55,12922.75,South,Tablet
1008,2024-08-17,Instagram,43468,3857,316,3490.86,2698.39,West,Tablet
1003,2024-08-18,Google Ads,33371,1351,238,2343.85,12838.35,South,Tablet
1000,2024-08-19,Instagram,6693,4213,27,1209.96,395.79,Midwest,Tablet
1001,2024-08-20,Email,34535,3190,157,3108.45,7774.35,South,Tablet
1000,2024-08-21,Instagram,15818,3286,281,1339.0,11587.75,Midwest,Tablet
1004,2024-08-22,Facebook,32238,2402,65,2930.4,14034.97,Northeast,Mobile
1004,2024-08-23,Google Ads,31874,1982,323,1860.12,13656.19,South,Tablet
1006,2024-08-24,Facebook,27715,2771,382,4135.41,12330.45,Northeast,Desktop
1008,2024-08-25,Facebook,28605,414,56,4121.41,13345.23,Northeast,Desktop
1008,2024-08-26,Email,35317,4966,348,2439.02,3148.45,South,Desktop
1002,2024-08-27,Google Ads,32174,2440,157,1819.01,4405.93,Midwest,Tablet
1002,2024-08-28,Google Ads,10956,996,241,1876.54,4476.73,Northeast,Desktop
1002,2024-08-29,Google Ads,39908,1427,315,4048.0,5780.4,Northeast,Mobile
1003,2024-08-30,Google Ads,11837,1489,306,1708.08,6021.15,South,Tablet
1007,2024-08-31,Google Ads,4716,3230,36,1124.39,8259.42,South,Desktop
1005,2024-09-01,Email,5481,4907,59,514.97,2566.22,South,Mobile
1007,2024-09-02,Instagram,25282,390,356,2386.8,10430.45,South,Mobile
1000,2024-09-03,Facebook,7548,3039,393,2462.45,2679.98,South,Desktop
1007,2024-09-04,Google Ads,38605,432,40,4220.45,4792.57,West,Mobile
1003,2024-09-05,Instagram,8758,1606,114,1184.07,7649.51,South,Desktop
1000,2024-09-06,Instagram,44668,349,494,1966.86,11987.32,Midwest,Mobile
1007,2024-09-07,Facebook,24177,188,181,4061.19,11144.14,Northeast,Tablet
1003,2024-09-08,Email,25022,408,366,4135.76,9753.91,Midwest,Tablet
1005,2024-09-09,LinkedIn,41761,4981,318,1984.59,2505.44,Midwest,Tablet
1007,2024-09-10,LinkedIn,6542,1572,299,2349.71,8296.27,West,Tablet
1003,2024-09-11,Instagram,26476,3506,340,1586.1,1494.21,South,Tablet
1002,2024-09-12,Facebook,31784,1677,101,4669.52,5784.98,Northeast,Desktop
1008,2024-09-13,LinkedIn,23740,1353,373,681.35,6320.04,Midwest,Tablet
1002,2024-09-14,Instagram,25817,1184,217,4675.37,789.21,South,Tablet
1008,2024-09-15,Email,48596,2236,321,3450.95,4255.02,South,Tablet
1001,2024-09-16,LinkedIn,17052,3220,141,2704.7,14343.61,West,Tablet
1001,2024-09-17,Instagram,36153,3885,10,260.03,14313.76,West,Mobile
1001,2024-09-18,Instagram,48076,2201,113,2430.42,5414.44,West,Tablet
1005,2024-09-19,Google Ads,1671,1287,39,2097.97,837.88,Northeast,Tablet
1002,2024-09-20,Email,1163,3785,43,889.97,2850.61,Midwest,Desktop
1008,2024-09-21,Google Ads,42424,2884,154,3316.41,6004.82,West,Mobile
1003,2024-09-22,Facebook,45002,4310,429,4858.64,14227.14,West,Desktop
1000,2024-09-23,Google Ads,5795,1048,122,2854.73,2289.75,West,Tablet
1003,2024-09-24,Google Ads,11634,2617,265,3602.29,11500.03,Midwest,Desktop
1000,2024-09-25,LinkedIn,5798,1357,430,435.41,1808.5,Midwest,Desktop
1004,2024-09-26,Instagram,23420,706,91,2146.57,14722.61,West,Tablet
1003,2024-09-27,Email,30300,2710,469,670.16,5847.92,West,Mobile
1007,2024-09-28,Google Ads,25345,2261,80,3102.7,11673.47,South,Mobile
1007,2024-09-29,Email,11749,1959,475,4698.56,5270.35,West,Desktop
1006,2024-09-30,Google Ads,39595,3780,468,3342.71,9489.5,Northeast,Tablet
1002,2024-10-01,Facebook,26121,2096,455,476.33,3041.84,Northeast,Desktop
1000,2024-10-02,Google Ads,38487,3212,418,1837.86,2361.11,West,Desktop
1000,2024-10-03,LinkedIn,29411,1190,317,2798.25,14083.35,Midwest,Desktop
1002,2024-10-04,Instagram,34361,316,387,2075.72,13781.18,South,Tablet
1005,2024-10-05,Facebook,22223,1895,218,4184.86,13334.54,Midwest,Tablet
1006,2024-10-06,Google Ads,8394,1758,461,4091.89,9456.42,West,Mobile
1005,2024-10-07,Email,15056,3680,289,3097.97,12162.37,Northeast,Tablet
1005,2024-10-08,Facebook,29380,3261,243,1929.94,1221.75,South,Desktop
1005,2024-10-09,Facebook,27035,2343,169,1351.15,5154.88,Midwest,Desktop
1002,2024-10-10,Google Ads,31620,3782,91,618.78,4842.81,Midwest,Mobile
1005,2024-10-11,Facebook,20877,3879,145,1839.0,9607.55,West,Tablet
1007,2024-10-12,Email,44404,1560,164,2124.55,5468.18,South,Desktop
1001,2024-10-13,Facebook,31911,525,50,3411.53,2397.9,Northeast,Mobile
1004,2024-10-14,Email,33784,1026,376,3324.98,9027.71,West,Mobile
1000,2024-10-15,Google Ads,4191,1257,499,443.53,12252.88,South,Desktop
1000,2024-10-16,Instagram,34160,2010,116,2036.77,5855.43,Midwest,Desktop
1004,2024-10-17,Facebook,26000,607,411,990.72,2157.58,West,Tablet
1002,2024-10-18,Instagram,40040,932,49,868.38,3110.99,Midwest,Mobile
1003,2024-10-19,Email,4631,2244,405,4153.78,3714.75,Midwest,Desktop
1002,2024-10-20,Facebook,7172,4811,251,305.38,4638.48,West,Mobile
1000,2024-10-21,LinkedIn,43080,2717,108,2154.0,9713.37,West,Tablet
1000,2024-10-22,Instagram,24561,4727,89,924.2,9093.99,West,Desktop
1004,2024-10-23,Facebook,25817,4840,454,4408.72,10501.98,West,Tablet
1005,2024-10-24,Instagram,21281,1660,489,2829.5,5565.03,West,Mobile
1002,2024-10-25,Facebook,29671,3538,138,1233.77,12395.17,Midwest,Tablet
1008,2024-10-26,Google Ads,26364,2504,112,2561.89,3220.5,Northeast,Tablet
1004,2024-10-27,Instagram,42674,4544,22,3684.28,7141.8,Northeast,Mobile
1007,2024-10-28,LinkedIn,28425,1996,98,4794.78,12053.89,West,Tablet
1000,2024-10-29,LinkedIn,29602,4860,154,1180.19,2866.35,Midwest,Mobile
1004,2024-10-30,Email,24253,4849,250,4442.29,1825.97,Northeast,Desktop
1002,2024-10-31,Facebook,24472,2858,293,4678.09,13278.52,Northeast,Mobile
1000,2024-11-01,Instagram,9080,3875,418,4590.46,5275.36,Northeast,Mobile
1003,2024-11-02,Email,8099,3586,213,3213.53,10321.28,Midwest,Desktop
1004,2024-11-03,Instagram,26431,3852,130,3186.12,575.16,West,Mobile
1006,2024-11-04,Facebook,32186,4227,239,2075.73,10412.69,West,Desktop
1000,2024-11-05,LinkedIn,48684,4749,420,3786.75,4878.3,West,Desktop
1002,2024-11-06,Google Ads,31111,2020,430,2703.34,1024.96,South,Mobile
1001,2024-11-07,LinkedIn,40851,3872,466,3419.45,9225.23,South,Tablet
1008,2024-11-08,Email,23614,2869,126,2199.44,3763.9,South,Tablet
1009,2024-11-09,Google Ads,27724,952,142,3684.33,5924.75,Midwest,Desktop
1005,2024-11-10,Email,42991,414,499,4139.91,1392.6,Northeast,Tablet
1009,2024-11-11,Facebook,5940,4308,119,817.54,2378.02,Northeast,Tablet
1002,2024-11-12,Google Ads,29758,3169,424,4181.36,4610.06,Midwest,Mobile
1007,2024-11-13,Email,37224,2608,166,2747.45,1528.44,Midwest,Desktop
1007,2024-11-14,Facebook,8788,1913,205,4238.86,13680.23,West,Desktop
1001,2024-11-15,LinkedIn,29082,165,238,2213.38,289.5,West,Mobile
1005,2024-11-16,Facebook,25034,2434,32,1957.3,7361.13,South,Tablet
1006,2024-11-17,Instagram,36479,3985,15,4583.8,2024.06,South,Desktop
1001,2024-11-18,Facebook,12280,4985,210,1330.73,4753.65,Midwest,Tablet
1009,2024-11-19,Facebook,19052,2540,171,4236.64,13905.68,South,Desktop
1001,2024-11-20,Instagram,17531,992,251,2471.7,2593.08,Northeast,Desktop
1009,2024-11-21,Email,23804,1774,51,2619.07,14494.32,Midwest,Desktop
1000,2024-11-22,Email,29903,2384,250,1611.49,3245.76,Midwest,Desktop
1007,2024-11-23,Facebook,45857,2817,131,2907.91,11175.18,Northeast,Tablet
1000,2024-11-24,Instagram,11142,1187,151,1693.53,8290.82,West,Tablet
1008,2024-11-25,Instagram,49355,2577,122,292.42,13290.29,West,Tablet
1005,2024-11-26,LinkedIn,10866,4167,403,1432.79,8399.1,Northeast,Tablet
1006,2024-11-27,Email,5531,3470,386,131.26,8111.48,Northeast,Mobile
1009,2024-11-28,Google Ads,46454,4828,416,4893.94,3092.78,South,Desktop
1006,2024-11-29,Email,39098,3956,156,4832.16,2660.19,Midwest,Desktop
1009,2024-11-30,Email,39278,3687,76,2036.26,13764.04,South,Desktop
1002,2024-12-01,LinkedIn,29138,3003,367,3669.02,5052.01,Northeast,Mobile
1001,2024-12-02,Google Ads,28065,2417,141,1794.45,5706.82,South,Tablet
1008,2024-12-03,LinkedIn,30956,4271,179,3388.36,11445.39,Northeast,Desktop
1007,2024-12-04,Google Ads,42732,326,293,4046.61,5214.59,South,Tablet
1009,2024-12-05,Facebook,40261,2049,450,4739.11,14290.52,South,Tablet
1006,2024-12-06,Google Ads,11759,1277,485,2061.04,11121.33,West,Mobile
1008,2024-12-07,LinkedIn,6439,3802,23,3938.16,9041.95,Northeast,Mobile
1003,2024-12-08,Email,48241,3785,199,1403.05,13237.25,South,Tablet
1003,2024-12-09,Google Ads,43533,745,334,4952.63,934.17,Midwest,Desktop
1000,2024-12-10,Google Ads,29270,1359,428,226.27,4004.53,South,Desktop
1007,2024-12-11,Instagram,14279,4202,179,3057.29,7082.54,South,Mobile
1002,2024-12-12,Email,40279,3284,494,3331.58,3559.28,Midwest,Mobile
1006,2024-12-13,Facebook,45251,4164,453,3471.42,11209.8,Northeast,Mobile
1001,2024-12-14,LinkedIn,24888,2361,417,689.9,13804.28,West,Mobile
1001,2024-12-15,Facebook,18630,2891,438,4698.8,6471.8,West,Mobile
1006,2024-12-16,Email,36144,4258,358,987.8,5263.56,West,Mobile
1005,2024-12-17,Google Ads,32182,3609,145,3151.49,14430.95,Midwest,Mobile
1002,2024-12-18,Google Ads,26538,3448,250,1191.11,6783.82,South,Desktop
1008,2024-12-19,Email,12824,591,389,1605.36,7437.92,Northeast,Mobile
1009,2024-12-20,Google Ads,33125,2744,422,2777.65,5404.42,South,Mobile
1005,2024-12-21,Google Ads,7979,4724,97,2144.25,13661.32,West,Desktop
1009,2024-12-22,Google Ads,27189,1138,436,885.11,8620.54,South,Desktop
1009,2024-12-23,LinkedIn,43600,3413,243,937.59,11480.18,Midwest,Tablet
1005,2024-12-24,LinkedIn,13504,74,209,2148.91,12214.74,Midwest,Mobile
1000,2024-12-25,Instagram,21669,1622,52,3810.69,5259.37,Northeast,Mobile
1003,2024-12-26,Facebook,7910,3008,437,4500.03,6618.68,Northeast,Mobile
1009,2024-12-27,Email,47857,4286,249,512.23,12757.38,West,Mobile
1005,2024-12-28,Email,35964,1817,324,2026.21,5576.18,Northeast,Tablet
1005,2024-12-29,Email,21131,4793,321,591.2,11950.24,South,Desktop
1004,2024-12-30,Instagram,26227,2285,417,181.3,14126.69,Midwest,Desktop
1000,2024-12-31,LinkedIn,6978,250,299,3342.42,9423.51,Midwest,Mobile
1007,2025-01-01,Instagram,22991,3248,132,3052.0,11176.08,Midwest,Mobile
1004,2025-01-02,Email,18153,306,348,898.79,12115.44,Northeast,Mobile
1004,2025-01-03,Facebook,34548,3797,286,1245.68,12706.59,Midwest,Tablet
1006,2025-01-04,Google Ads,43676,4692,21,216.17,6046.79,Midwest,Tablet
1003,2025-01-05,LinkedIn,40071,2291,75,4191.24,958.7,Midwest,Desktop
1005,2025-01-06,LinkedIn,48454,3225,273,4875.98,6147.77,West,Mobile
1003,2025-01-07,Instagram,4983,3656,329,763.75,10171.59,West,Mobile
1002,2025-01-08,LinkedIn,10503,3386,286,1234.23,6865.19,Northeast,Mobile
1006,2025-01-09,Email,30921,4947,309,4355.21,11284.65,Midwest,Mobile
1007,2025-01-10,Email,17905,463,455,4639.67,5483.34,Northeast,Tablet
1003,2025-01-11,Instagram,46838,2064,11,2156.17,9594.21,Midwest,Desktop
1001,2025-01-12,Email,24953,1431,318,348.05,2959.01,Midwest,Desktop
1009,2025-01-13,Facebook,27806,1148,309,293.02,11290.67,Midwest,Tablet
1002,2025-01-14,Instagram,46000,3476,107,2912.35,8276.3,Northeast,Mobile
1000,2025-01-15,Facebook,23168,3705,313,2025.19,3220.15,Northeast,Desktop
1007,2025-01-16,Google Ads,5583,959,197,240.4,4520.29,Midwest,Desktop
1002,2025-01-17,Facebook,39714,237,245,2957.94,11279.41,South,Tablet
1009,2025-01-18,Google Ads,40896,4094,66,155.38,7342.5,Northeast,Mobile
1006,2025-01-19,Google Ads,12889,3806,21,3958.12,3397.27,West,Desktop
1009,2025-01-20,Facebook,28413,2065,175,1601.52,14515.61,Northeast,Mobile
1004,2025-01-21,Instagram,13275,2142,29,297.26,10783.85,Midwest,Desktop
1009,2025-01-22,Email,3461,3694,255,2982.93,14365.6,South,Tablet
1004,2025-01-23,Email,15291,2180,257,2048.65,6521.15,Midwest,Mobile
1006,2025-01-24,Google Ads,47804,407,391,4871.62,7231.49,West,Tablet
1008,2025-01-25,Google Ads,12435,2472,211,2766.57,13489.74,Northeast,Desktop
1004,2025-01-26,Instagram,28935,4307,33,1448.67,7970.73,Northeast,Tablet
1000,2025-01-27,LinkedIn,34453,4595,121,3576.25,10667.73,Midwest,Tablet
1009,2025-01-28,Facebook,19544,1547,495,1430.31,3932.16,Midwest,Tablet
1009,2025-01-29,Google Ads,13258,2208,420,4530.79,6811.55,West,Desktop
1000,2025-01-30,Email,31841,2605,286,1936.14,2027.06,South,Mobile
1001,2025-01-31,Instagram,49758,2392,384,2794.36,3248.5,West,Tablet
1005,2025-02-01,Facebook,11736,3001,148,347.81,213.96,South,Mobile
1008,2025-02-02,Instagram,38643,1288,29,2187.99,781.12,Northeast,Desktop
1007,2025-02-03,Facebook,44950,1023,314,4178.58,14663.8,South,Mobile
1004,2025-02-04,Facebook,35964,4777,160,4047.68,3786.83,South,Tablet
1000,2025-02-05,Google Ads,29044,4015,77,1199.16,10017.0,Northeast,Tablet
1006,2025-02-06,Instagram,40933,1100,124,1207.79,12618.68,Northeast,Tablet
1004,2025-02-07,Instagram,16997,3751,316,4104.8,8349.77,Northeast,Tablet
1005,2025-02-08,Email,15215,2830,325,4658.95,2466.54,West,Tablet
1006,2025-02-09,Email,34069,1638,97,567.27,10976.12,Northeast,Tablet
1002,2025-02-10,Google Ads,24911,3928,90,2305.29,9083.72,Midwest,Desktop
1009,2025-02-11,Google Ads,18030,2418,340,1753.53,11022.51,Northeast,Desktop
1002,2025-02-12,LinkedIn,30334,486,429,4366.37,11592.25,Northeast,Desktop
1004,2025-02-13,Email,15571,2878,368,509.27,14636.07,Northeast,Mobile
1005,2025-02-14,Facebook,43719,1606,439,1134.52,8688.74,South,Mobile
1008,2025-02-15,Instagram,29927,3908,122,3787.09,5256.29,West,Desktop
1004,2025-02-16,Google Ads,21714,1354,237,351.34,9797.28,Northeast,Mobile
1000,2025-02-17,Instagram,44541,2434,203,2513.42,1212.92,West,Mobile
1003,2025-02-18,Instagram,24387,232,210,2266.32,13481.48,Midwest,Tablet
1004,2025-02-19,LinkedIn,29444,1639,417,1738.57,1966.84,Midwest,Tablet
1009,2025-02-20,Email,49908,1637,343,2033.4,5052.07,Northeast,Mobile
1009,2025-02-21,Google Ads,20921,709,151,2696.71,12273.03,Midwest,Mobile
1004,2025-02-22,Instagram,14057,209,454,890.7,9040.22,West,Desktop
1006,2025-02-23,Google Ads,46268,4003,429,2902.78,6025.81,South,Mobile
1003,2025-02-24,Facebook,25858,1061,433,4046.62,7206.85,Northeast,Tablet
1000,2025-02-25,LinkedIn,49689,102,275,3824.79,12847.3,Midwest,Mobile
1004,2025-02-26,Facebook,45638,2357,391,854.11,5232.06,West,Desktop
1006,2025-02-27,Google Ads,27062,1278,143,831.32,13070.82,West,Tablet
1009,2025-02-28,Google Ads,37850,1085,185,1414.05,1504.39,Midwest,Tablet
1009,2025-03-01,Email,47486,3752,434,1869.27,11696.62,West,Tablet
1005,2025-03-02,Instagram,21567,4095,34,2101.43,12743.7,West,Tablet
1004,2025-03-03,Instagram,30739,4995,61,3430.52,2890.9,Northeast,Mobile
1003,2025-03-04,Facebook,44285,4499,236,377.73,6569.13,West,Desktop
1001,2025-03-05,LinkedIn,4754,1314,150,269.9,2649.4,Midwest,Mobile
1003,2025-03-06,Instagram,28044,1934,439,2020.36,10657.74,Northeast,Mobile
1009,2025-03-07,Email,2724,1859,388,3516.1,8123.15,Midwest,Tablet
1009,2025-03-08,Facebook,2376,3217,52,1047.83,9602.79,South,Desktop
1002,2025-03-09,Facebook,9706,3847,198,3243.37,3108.01,Midwest,Tablet
1009,2025-03-10,Email,9894,2391,228,1373.16,3333.84,Midwest,Mobile
1000,2025-03-11,LinkedIn,19037,3464,140,4441.82,814.16,Northeast,Mobile
1007,2025-03-12,Email,19450,867,26,4488.88,4966.6,West,Tablet
1004,2025-03-13,LinkedIn,17406,2487,10,1556.71,8484.22,Midwest,Mobile
1003,2025-03-14,Email,30725,938,208,1226.97,12897.44,Northeast,Mobile
1007,2025-03-15,Email,6926,717,243,2115.39,10070.53,South,Tablet
1006,2025-03-16,Google Ads,40019,4778,189,1278.6,6643.87,Northeast,Mobile
1001,2025-03-17,Facebook,10496,2674,364,3394.68,14306.18,Northeast,Desktop
1000,2025-03-18,Email,37068,4282,296,4147.72,10844.83,West,Tablet
1003,2025-03-19,Email,30806,4573,339,3398.15,13966.45,Midwest,Desktop
1007,2025-03-20,Instagram,23663,868,224,4139.32,8008.3,South,Mobile
1001,2025-03-21,Facebook,42321,2238,120,2045.26,4031.78,Northeast,Mobile
1002,2025-03-22,Instagram,37495,1156,317,865.95,981.83,Midwest,Tablet
1000,2025-03-23,Facebook,23656,2274,53,3715.96,10946.06,Midwest,Mobile
1000,2025-03-24,Instagram,26860,247,177,1866.33,1995.28,Northeast,Tablet
1002,2025-03-25,Email,17832,2721,86,3389.23,4681.07,Midwest,Tablet
1004,2025-03-26,Email,39787,3542,326,1426.16,8080.57,Northeast,Tablet
1002,2025-03-27,Google Ads,49231,2498,337,498.03,8553.37,Northeast,Tablet
1000,2025-03-28,Instagram,22727,520,49,4963.65,9088.63,Northeast,Tablet
1000,2025-03-29,LinkedIn,43815,1998,339,865.39,2660.58,South,Desktop
1007,2025-03-30,Google Ads,30545,3949,24,4943.26,5820.11,Northeast,Tablet
1009,2025-03-31,Instagram,45522,2060,452,4888.67,9334.47,West,Desktop
1001,2025-04-01,Instagram,3520,3850,225,3989.71,14553.32,Midwest,Mobile
1002,2025-04-02,Google Ads,4081,4168,127,3331.17,10968.94,South,Tablet
1001,2025-04-03,Email,35196,3846,238,2931.25,13854.54,Midwest,Mobile
1002,2025-04-04,Instagram,37735,4038,225,4343.9,11480.74,South,Tablet
1006,2025-04-05,Email,40213,284,327,1518.25,8957.41,West,Desktop
1000,2025-04-06,Google Ads,15566,978,343,2391.64,3041.95,South,Desktop
1009,2025-04-07,Email,15042,3657,7,3135.01,10066.95,South,Desktop
1007,2025-04-08,Facebook,26498,572,186,2114.83,9426.02,South,Mobile
1009,2025-04-09,LinkedIn,12329,3573,210,2194.68,9116.54,Midwest,Tablet
1009,2025-04-10,Instagram,32656,4576,324,1718.39,7448.83,Northeast,Mobile
1009,2025-04-11,LinkedIn,3159,4938,44,2864.74,8024.12,Midwest,Desktop
1001,2025-04-12,Email,38900,1679,63,4267.82,5149.75,Northeast,Mobile
1002,2025-04-13,Instagram,20363,4678,443,1087.49,7885.83,Midwest,Desktop
1008,2025-04-14,Email,48701,1366,66,4678.72,3123.83,West,Desktop
1006,2025-04-15,Facebook,44241,2907,136,3476.53,12116.58,West,Desktop
1003,2025-04-16,Google Ads,20033,1174,64,4134.04,2949.5,South,Tablet
1009,2025-04-17,Instagram,11805,2637,376,2825.33,1457.5,West,Tablet
1004,2025-04-18,Facebook,36851,1073,335,3919.63,6656.44,South,Desktop
1001,2025-04-19,Facebook,27832,1428,126,179.38,9942.95,Northeast,Mobile
1007,2025-04-20,Instagram,14944,3424,483,4110.06,6678.21,West,Mobile
1003,2025-04-21,Email,20873,1569,111,296.68,4295.96,Northeast,Tablet
1008,2025-04-22,Facebook,41372,276,100,4460.58,8460.93,Midwest,Desktop
1004,2025-04-23,LinkedIn,24928,941,351,4960.62,5335.63,Northeast,Mobile
1008,2025-04-24,Facebook,16379,4122,418,1540.93,14006.44,Midwest,Desktop
1003,2025-04-25,Email,37751,2307,239,1130.56,13855.15,Northeast,Mobile
1009,2025-04-26,Email,35546,2838,390,3850.28,7635.1,Northeast,Tablet
1004,2025-04-27,LinkedIn,25286,446,66,1339.83,5052.68,West,Desktop
1008,2025-04-28,Facebook,6110,2128,260,4341.26,11109.56,Northeast,Desktop
1007,2025-04-29,Email,13087,4794,53,603.93,743.35,West,Mobile
1002,2025-04-30,Instagram,24762,4474,397,717.18,7226.58,West,Mobile
1000,2025-05-01,Google Ads,18081,3287,352,4897.84,5177.59,South,Mobile
1002,2025-05-02,Google Ads,35947,3943,163,3401.81,13823.93,South,Desktop
1003,2025-05-03,Google Ads,10596,2055,128,4249.75,377.64,Midwest,Tablet
1001,2025-05-04,Facebook,39019,2066,486,1689.21,8381.66,Northeast,Tablet
1000,2025-05-05,LinkedIn,43003,3221,321,3414.77,11161.82,Midwest,Mobile
1006,2025-05-06,Email,19313,2718,211,3011.78,7378.27,Northeast,Tablet
1007,2025-05-07,Instagram,48639,1928,52,3055.44,1463.96,South,Mobile
1006,2025-05-08,Instagram,2013,1246,413,3444.41,14592.43,South,Tablet
1004,2025-05-09,Facebook,24705,1822,424,2919.26,7866.55,Northeast,Desktop
1000,2025-05-10,Google Ads,2828,211,140,2202.41,9289.96,Northeast,Mobile
1006,2025-05-11,Facebook,8909,4026,205,1452.02,3701.82,South,Tablet
1006,2025-05-12,LinkedIn,39356,1801,254,3866.05,7355.77,South,Desktop
1008,2025-05-13,LinkedIn,14109,825,318,1208.73,6551.41,Midwest,Tablet
1002,2025-05-14,Email,3023,989,361,3492.54,1308.46,South,Desktop
1008,2025-05-15,Email,15537,3270,372,1243.33,1771.17,Northeast,Desktop
1000,2025-05-16,LinkedIn,27661,589,433,3164.12,12594.59,Midwest,Tablet
1000,2025-05-17,LinkedIn,39659,4967,322,3760.68,3749.34,Northeast,Tablet
1003,2025-05-18,LinkedIn,34848,1511,299,1171.7,3085.38,West,Desktop
1008,2025-05-19,Facebook,38804,405,484,393.72,7672.69,Midwest,Desktop
1005,2025-05-20,LinkedIn,16379,3654,318,741.77,11577.46,Northeast,Desktop
1002,2025-05-21,Instagram,28766,3373,213,3069.39,1116.81,South,Mobile
1000,2025-05-22,Google Ads,44590,284,359,4262.29,8736.76,West,Desktop
1003,2025-05-23,LinkedIn,3563,1598,489,320.48,1964.31,Northeast,Mobile
1008,2025-05-24,Google Ads,37060,2146,215,3697.34,739.62,Midwest,Desktop
1002,2025-05-25,Facebook,30197,4263,196,1772.46,980.61,Northeast,Mobile
1008,2025-05-26,Google Ads,4586,2151,48,2444.79,12545.63,West,Desktop
1006,2025-05-27,Facebook,17087,1723,33,4651.41,1945.99,Midwest,Desktop
1003,2025-05-28,Instagram,49868,2150,63,1726.66,868.24,West,Desktop
1002,2025-05-29,Facebook,24225,3707,75,2380.15,6680.92,Northeast,Tablet
1009,2025-05-30,Facebook,30750,4703,96,167.04,12691.1,South,Tablet
1004,2025-05-31,Email,7643,3646,269,499.83,4083.64,South,Desktop
1004,2025-06-01,LinkedIn,28523,3798,387,1367.1,6441.35,Northeast,Mobile
1002,2025-06-02,LinkedIn,37727,3223,224,236.48,790.85,Northeast,Mobile
1008,2025-06-03,Instagram,12005,1865,394,3193.74,6846.36,Northeast,Desktop
1003,2025-06-04,Instagram,44543,3891,417,2189.35,8748.67,Midwest,Tablet
1004,2025-06-05,LinkedIn,1161,2055,446,2785.91,8649.42,West,Mobile
1003,2025-06-06,Email,17029,4543,405,955.77,5119.92,West,Tablet
1004,2025-06-07,LinkedIn,15226,724,404,1550.07,4869.89,West,Mobile
1006,2025-06-08,Email,29731,436,219,3352.74,1778.03,Northeast,Desktop
1008,2025-06-09,Instagram,44922,2208,483,4829.98,5628.62,West,Tablet
1006,2025-06-10,Google Ads,45848,2711,391,347.04,1672.52,Northeast,Mobile
1004,2025-06-11,Instagram,4390,2114,281,4462.88,11545.62,Midwest,Desktop
1009,2025-06-12,Instagram,6997,3901,68,2926.72,14500.86,South,Desktop
1009,2025-06-13,Facebook,13693,3303,350,2863.21,14557.1,Northeast,Desktop
1006,2025-06-14,Facebook,43092,4686,296,2551.36,13003.05,Northeast,Tablet
1009,2025-06-15,Facebook,1541,4316,494,440.03,9091.72,South,Tablet
1004,2025-06-16,Facebook,22817,789,489,540.4,10572.81,South,Desktop
1002,2025-06-17,Email,38861,1451,249,3044.47,4421.05,Midwest,Tablet
1006,2025-06-18,LinkedIn,14428,3309,474,1770.7,9535.4,West,Mobile
1001,2025-06-19,Google Ads,44934,2327,66,4594.61,6943.61,Northeast,Desktop
1008,2025-06-20,Instagram,49831,3954,430,2092.29,7333.86,West,Desktop
1009,2025-06-21,Email,11258,3973,336,802.08,11415.09,Northeast,Tablet
1009,2025-06-22,Google Ads,17044,4264,174,3602.12,4372.39,Midwest,Desktop
1000,2025-06-23,Email,30411,3277,449,1537.43,4906.99,South,Mobile
1005,2025-06-24,Email,6469,2881,273,2674.8,13884.7,Midwest,Tablet
1006,2025-06-25,Instagram,29854,3808,271,3519.38,1032.12,South,Tablet
1007,2025-06-26,LinkedIn,7256,2562,58,4511.29,7387.39,West,Desktop
1009,2025-06-27,Facebook,11720,2201,20,3981.74,13709.45,West,Desktop
1008,2025-06-28,LinkedIn,34937,3725,12,3414.17,9233.37,Midwest,Desktop
1001,2025-06-29,Instagram,34598,2795,108,3430.2,8286.82,South,Tablet
1009,2025-06-30,Instagram,2651,3916,63,4735.03,3896.21,Midwest,Desktop
1001,2025-07-01,Instagram,20194,3814,317,1549.54,5280.48,South,Mobile
1004,2025-07-02,Google Ads,26051,2272,44,105.45,12810.32,South,Desktop
1004,2025-07-03,LinkedIn,28386,2842,241,1432.58,8476.43,West,Desktop
1005,2025-07-04,LinkedIn,10518,1747,447,1167.67,7818.18,West,Tablet
1002,2025-07-05,Email,47026,3512,390,3342.99,1673.78,South,Desktop
1007,2025-07-06,Email,17184,4113,98,3205.19,437.22,South,Tablet
1000,2025-07-07,Email,34787,1574,226,3007.96,14462.54,South,Desktop
1005,2025-07-08,Instagram,22621,4810,208,179.59,5779.4,West,Mobile
1003,2025-07-09,LinkedIn,11028,82,142,3671.01,9127.55,West,Mobile
1000,2025-07-10,Instagram,13448,4075,304,1685.3,1379.78,Northeast,Tablet
1006,2025-07-11,Google Ads,46253,2616,399,3358.77,10310.09,South,Tablet
1008,2025-07-12,Email,35051,2853,211,2827.23,14001.99,Northeast,Desktop
1003,2025-07-13,Instagram,31447,3946,340,1779.38,8719.85,South,Desktop
1003,2025-07-14,Instagram,19394,3759,85,759.42,2066.51,West,Mobile
1005,2025-07-15,Google Ads,35501,769,222,562.65,8809.48,Northeast,Desktop
1002,2025-07-16,Facebook,31254,4629,6,4174.44,11541.94,Northeast,Mobile
1005,2025-07-17,LinkedIn,19509,1022,182,4600.15,6214.96,Midwest,Tablet
1006,2025-07-18,Facebook,49998,3768,400,3283.96,13221.6,South,Desktop
1009,2025-07-19,Email,15472,4452,375,606.83,9800.51,West,Tablet
1009,2025-07-20,Instagram,46657,4602,350,2069.93,13508.88,Midwest,Desktop
1002,2025-07-21,Google Ads,4471,2257,283,3671.8,9427.88,Midwest,Mobile
1006,2025-07-22,Google Ads,42796,4476,150,3921.12,2143.06,South,Tablet
1002,2025-07-23,LinkedIn,31268,4370,322,679.27,4783.44,Midwest,Tablet
1001,2025-07-24,Facebook,9329,3080,228,100.15,3186.57,South,Desktop
1009,2025-07-25,LinkedIn,35865,3625,373,3589.47,13650.63,Midwest,Tablet
1003,2025-07-26,Instagram,47850,3166,388,1847.32,11453.92,South,Mobile
1007,2025-07-27,LinkedIn,47698,3335,66,1346.96,10210.7,West,Tablet
1008,2025-07-28,Google Ads,29272,693,298,163.2,4654.3,South,Tablet
1006,2025-07-29,Google Ads,43845,4761,243,2747.47,2923.86,South,Desktop
1000,2025-07-30,Email,7397,244,199,4270.64,11395.48,Northeast,Tablet
1002,2025-07-31,Email,33373,4046,170,4792.4,7217.54,West,Desktop
1008,2025-08-01,Instagram,36525,538,455,2872.15,3541.69,West,Desktop
1000,2025-08-02,Facebook,25570,2254,226,2620.86,9326.01,West,Tablet
1008,2025-08-03,LinkedIn,19284,2707,65,516.78,796.94,Midwest,Mobile
1007,2025-08-04,Instagram,19994,3326,133,2789.48,5027.32,Northeast,Desktop
1000,2025-08-05,Email,24284,1152,482,1961.9,7134.64,West,Tablet
1005,2025-08-06,LinkedIn,18833,1291,177,3074.96,2389.78,Midwest,Desktop
1004,2025-08-07,Email,26122,565,484,2004.76,14772.89,Midwest,Mobile
1005,2025-08-08,LinkedIn,6017,442,160,1277.47,3294.64,Midwest,Mobile
1009,2025-08-09,Facebook,17370,680,409,565.33,2129.23,Northeast,Desktop
1004,2025-08-10,Instagram,30252,3766,382,1643.1,3212.32,Midwest,Mobile
1005,2025-08-11,LinkedIn,8999,1897,114,573.56,11582.1,Northeast,Tablet
1004,2025-08-12,Google Ads,23436,2705,273,966.8,6497.48,South,Tablet
1004,2025-08-13,Google Ads,43963,1029,415,4937.95,8568.16,Midwest,Desktop
1003,2025-08-14,LinkedIn,3096,4579,360,2276.11,510.94,West,Mobile
1002,2025-08-15,LinkedIn,49201,3452,395,2706.17,709.58,Midwest,Tablet
1002,2025-08-16,LinkedIn,26279,3921,282,4380.73,6798.22,South,Tablet
1003,2025-08-17,Google Ads,44363,327,78,4978.29,12286.5,South,Tablet
1008,2025-08-18,Google Ads,49709,282,491,2955.3,13301.54,Midwest,Desktop
1001,2025-08-19,LinkedIn,27201,1602,441,4081.12,1483.26,South,Desktop
1008,2025-08-20,Email,20715,3320,467,1702.01,8167.77,Northeast,Tablet
1000,2025-08-21,Email,30309,2459,211,1598.15,13715.8,Northeast,Tablet
1000,2025-08-22,Facebook,16078,3562,392,2073.25,5942.0,Midwest,Mobile
1004,2025-08-23,Instagram,6105,75,484,3395.29,12477.57,Northeast,Mobile
1005,2025-08-24,Email,30312,510,283,3442.74,2178.7,Northeast,Mobile
1005,2025-08-25,Google Ads,3839,3814,379,1644.67,14043.84,West,Desktop
1002,2025-08-26,Email,4384,3481,330,752.73,11321.07,Midwest,Tablet
1006,2025-08-27,Facebook,44619,3533,476,3198.74,14131.75,South,Desktop
1008,2025-08-28,Facebook,43821,2044,344,728.8,10213.94,Midwest,Tablet
1009,2025-08-29,Instagram,14493,540,361,2934.61,5578.38,Northeast,Mobile
1007,2025-08-30,Email,18069,1122,344,3497.77,14085.08,West,Mobile
1005,2025-08-31,Google Ads,47907,3223,208,3533.0,4278.39,Midwest,Mobile
1007,2025-09-01,Google Ads,8531,265,165,3792.01,5116.15,Midwest,Mobile
1004,2025-09-02,LinkedIn,38051,1773,32,4377.01,10571.96,Northeast,Tablet
1007,2025-09-03,Google Ads,8736,1642,396,2549.8,11526.68,Northeast,Mobile
1009,2025-09-04,Instagram,8710,2656,261,3678.22,13955.17,Midwest,Tablet
1003,2025-09-05,Instagram,2619,208,169,3133.95,3231.08,Northeast,Tablet
1009,2025-09-06,Google Ads,14975,4831,67,1014.54,12010.37,Northeast,Desktop
1007,2025-09-07,Google Ads,46603,3363,26,225.88,11130.48,Northeast,Mobile
1009,2025-09-08,LinkedIn,24252,2891,74,1494.25,1144.16,Northeast,Mobile
1001,2025-09-09,Google Ads,16261,1826,385,2270.87,5930.9,Northeast,Desktop
1004,2025-09-10,LinkedIn,2431,2102,409,3123.82,4384.93,West,Tablet
1008,2025-09-11,LinkedIn,10067,2345,100,4264.8,4706.46,Northeast,Mobile
1003,2025-09-12,Google Ads,38481,1746,167,1061.6,14747.61,South,Tablet
1005,2025-09-13,Facebook,28037,3043,83,715.19,9713.11,Midwest,Desktop
1000,2025-09-14,Facebook,10557,2519,9,4821.05,10821.61,West,Tablet
1008,2025-09-15,LinkedIn,10435,1996,320,629.42,14653.94,West,Mobile
1000,2025-09-16,Google Ads,38766,3859,124,2444.61,5782.59,Northeast,Tablet
1004,2025-09-17,Facebook,1162,2833,306,2969.26,12067.23,Midwest,Tablet
1003,2025-09-18,Google Ads,35742,3694,182,2752.73,6631.06,South,Mobile
1002,2025-09-19,Google Ads,20675,2550,180,521.56,13069.1,Northeast,Mobile
1005,2025-09-20,Google Ads,9461,3695,394,379.43,2873.73,Midwest,Tablet
1001,2025-09-21,Email,18015,2695,221,616.87,14225.76,Northeast,Tablet
1002,2025-09-22,Google Ads,33591,2399,60,2969.38,3437.82,Northeast,Desktop
1004,2025-09-23,Email,29047,1982,370,2767.29,5028.06,Northeast,Mobile
1008,2025-09-24,LinkedIn,35782,3344,191,1245.33,11391.65,Northeast,Tablet
1001,2025-09-25,Facebook,10833,1807,236,3225.09,6027.58,Northeast,Mobile
1009,2025-09-26,Facebook,8896,1166,259,4118.33,9201.53,Northeast,Desktop
1007,2025-09-27,Facebook,33972,2617,417,303.74,6779.69,Northeast,Tablet
1001,2025-09-28,Facebook,42800,3549,459,2540.84,11187.08,South,Tablet
1004,2025-09-29,Facebook,31508,542,108,3477.62,3579.3,West,Tablet
1006,2025-09-30,Facebook,6347,3356,81,1336.33,1065.18,South,Mobile
1007,2025-10-01,Facebook,31314,669,234,1608.08,4638.96,Northeast,Desktop
1000,2025-10-02,LinkedIn,3643,3282,406,3106.83,7219.77,Northeast,Mobile
1005,2025-10-03,Google Ads,41785,3873,262,4499.88,2686.7,South,Tablet
1000,2025-10-04,Instagram,19681,2430,268,4068.63,5451.0,South,Desktop
1001,2025-10-05,Email,39328,1596,335,2957.34,6119.75,West,Tablet
1000,2025-10-06,Instagram,16892,3613,485,3678.09,1049.4,South,Tablet
1004,2025-10-07,Instagram,48299,1655,186,1887.63,8832.95,West,Mobile
1009,2025-10-08,Google Ads,18073,3802,385,3240.73,13288.28,Northeast,Tablet
1008,2025-10-09,Google Ads,37768,4725,260,2384.29,2445.8,Midwest,Desktop
1005,2025-10-10,Google Ads,31682,1940,42,1030.69,9047.56,Midwest,Tablet
1000,2025-10-11,Facebook,33262,1325,180,3538.52,10038.14,Midwest,Tablet
1000,2025-10-12,LinkedIn,32358,2793,31,2826.68,6406.15,Midwest,Mobile
1001,2025-10-13,Facebook,15289,2543,280,1857.25,10576.24,Northeast,Desktop
1008,2025-10-14,LinkedIn,8927,406,144,4565.56,6278.83,Midwest,Mobile
1002,2025-10-15,LinkedIn,49330,919,303,202.58,7668.63,South,Tablet
1000,2025-10-16,Instagram,2171,935,449,1647.29,308.83,South,Mobile
1004,2025-10-17,Instagram,12918,2051,291,378.72,10437.46,Midwest,Mobile
1006,2025-10-18,LinkedIn,42903,1333,95,3855.98,9987.87,South,Mobile
1005,2025-10-19,LinkedIn,40110,669,484,3540.33,768.33,West,Mobile
1000,2025-10-20,Facebook,12929,932,65,1723.63,5650.1,Northeast,Tablet
1004,2025-10-21,Facebook,3539,846,462,3410.75,14689.67,Midwest,Tablet
1004,2025-10-22,Instagram,37727,3692,455,2040.09,6426.9,Midwest,Desktop
1005,2025-10-23,Google Ads,46951,3475,369,3805.64,7628.79,Northeast,Mobile
1002,2025-10-24,LinkedIn,23669,1346,351,2325.5,13666.97,South,Mobile
1004,2025-10-25,Facebook,6432,4764,167,2120.17,10815.48,Northeast,Desktop
1006,2025-10-26,Instagram,21644,294,355,4680.18,8814.64,Northeast,Mobile
1004,2025-10-27,Facebook,19745,2945,147,1329.31,12007.51,South,Desktop
1004,2025-10-28,LinkedIn,29228,979,404,690.19,12992.62,Northeast,Tablet
1004,2025-10-29,LinkedIn,35521,569,257,2964.26,6961.94,South,Desktop
1009,2025-10-30,Email,32703,3262,273,4849.68,7231.6,South,Mobile
1009,2025-10-31,Google Ads,27928,2459,373,1951.41,5913.55,Northeast,Desktop
1002,2025-11-01,Email,19322,57,295,403.98,14507.25,West,Tablet
1000,2025-11-02,Instagram,23360,2575,463,1762.6,10518.06,South,Mobile
1004,2025-11-03,Facebook,30055,3473,191,2579.07,1431.7,Northeast,Tablet
1008,2025-11-04,Instagram,43891,2069,409,893.42,12971.8,South,Tablet
1000,2025-11-05,LinkedIn,17376,4640,442,3324.7,7312.29,West,Desktop
1002,2025-11-06,Email,7588,4332,463,4988.97,1217.56,West,Tablet
1003,2025-11-07,Email,26000,3717,418,2313.52,8335.82,Midwest,Mobile
1000,2025-11-08,Email,7304,3721,308,1838.17,6374.03,South,Tablet
1000,2025-11-09,Instagram,8345,2851,295,2063.45,13190.69,South,Tablet
1007,2025-11-10,LinkedIn,30300,135,90,664.22,3219.12,Northeast,Desktop
1001,2025-11-11,Facebook,25259,3165,170,4428.04,12431.68,South,Tablet
1007,2025-11-12,Facebook,26470,4282,419,2132.65,8453.79,Midwest,Desktop
1006,2025-11-13,Instagram,24017,2518,466,1997.64,1008.23,West,Desktop
1009,2025-11-14,Email,16352,3669,412,3332.48,14583.31,West,Mobile
1009,2025-11-15,Google Ads,34365,1686,118,2265.96,7786.71,Midwest,Mobile
1001,2025-11-16,Instagram,20446,3633,437,3276.34,4504.98,South,Mobile
1005,2025-11-17,Instagram,3336,4059,484,401.09,7147.22,South,Mobile
1005,2025-11-18,LinkedIn,10879,3376,360,4087.24,12896.3,Midwest,Desktop
1002,2025-11-19,Facebook,33316,2268,420,4708.47,4712.57,Northeast,Tablet
1001,2025-11-20,Instagram,34340,2267,187,3278.95,3051.61,West,Mobile
1000,2025-11-21,Instagram,8521,2419,211,4777.37,2110.25,Midwest,Mobile
1005,2025-11-22,Email,7171,3688,260,842.02,4608.32,Midwest,Mobile
1004,2025-11-23,Email,24481,2553,239,2439.34,11744.71,South,Tablet
1008,2025-11-24,Google Ads,19474,993,446,3048.85,7180.07,West,Mobile
1000,2025-11-25,LinkedIn,47760,2887,359,2950.51,3566.73,South,Tablet
1006,2025-11-26,Google Ads,45629,2710,7,2067.16,2659.54,Midwest,Desktop
1004,2025-11-27,Email,46232,2986,212,1756.61,5124.4,Northeast,Desktop
1004,2025-11-28,Facebook,22008,4494,201,721.44,14110.88,West,Desktop
1001,2025-11-29,Email,2633,3997,345,2019.54,5276.8,Midwest,Tablet
1002,2025-11-30,LinkedIn,13485,1726,129,897.04,14824.24,Midwest,Mobile
1006,2025-12-01,Email,44617,1246,142,3698.39,7381.41,Northeast,Mobile
1005,2025-12-02,LinkedIn,4648,4155,343,1123.27,2851.63,Midwest,Mobile
1001,2025-12-03,LinkedIn,48945,2837,29,386.97,13388.87,Midwest,Mobile
1005,2025-12-04,LinkedIn,14140,1511,72,2806.59,7013.26,West,Mobile
1001,2025-12-05,LinkedIn,18921,3368,65,3016.63,10703.14,West,Tablet
1001,2025-12-06,LinkedIn,15357,716,33,4372.37,14758.93,West,Desktop
1001,2025-12-07,Facebook,47136,2226,387,2927.21,942.6,South,Mobile
1002,2025-12-08,Google Ads,4137,3793,23,1792.86,1631.08,Northeast,Desktop
1001,2025-12-09,Instagram,1097,650,175,4034.76,10862.76,West,Tablet
1003,2025-12-10,Google Ads,12407,2702,454,2747.37,4371.01,South,Tablet
1008,2025-12-11,LinkedIn,31575,4472,78,488.47,2927.66,South,Mobile
1005,2025-12-12,Facebook,13722,3874,65,2872.67,782.56,Northeast,Tablet
1000,2025-12-13,Email,13924,3956,431,4549.29,523.33,Northeast,Desktop
1007,2025-12-14,Facebook,4750,1029,157,2041.93,11662.39,Midwest,Mobile
1006,2025-12-15,LinkedIn,28733,2501,280,1552.0,2189.61,South,Mobile
1009,2025-12-16,Facebook,9535,678,52,803.0,7122.27,West,Desktop
1002,2025-12-17,Facebook,25487,1679,215,842.08,9167.27,Northeast,Mobile
1000,2025-12-18,LinkedIn,31651,3746,347,2220.58,6539.61,South,Mobile
1004,2025-12-19,Facebook,5666,3480,412,3018.83,601.18,West,Desktop
1003,2025-12-20,Instagram,49777,3724,143,495.02,11795.82,South,Mobile
1009,2025-12-21,Instagram,17994,3979,114,4703.89,355.6,Northeast,Mobile
1007,2025-12-22,Facebook,2727,2815,486,3800.15,11475.97,Midwest,Desktop
1000,2025-12-23,Email,35622,4419,187,2974.46,13420.91,South,Tablet
1009,2025-12-24,LinkedIn,11800,4830,32,4159.35,6606.03,West,Desktop
1000,2025-12-25,Instagram,38823,165,201,492.92,8126.03,Northeast,Mobile
1003,2025-12-26,Email,44039,2053,195,2436.51,7259.35,Midwest,Desktop
1007,2025-12-27,Facebook,19708,742,319,3187.46,5960.29,West,Mobile
1004,2025-12-28,Email,13819,3212,393,4160.4,13333.88,West,Mobile
1001,2025-12-29,Google Ads,10369,1155,55,3939.0,13430.22,West,Desktop
1005,2025-12-30,Instagram,10283,3058,153,1457.64,5170.08,South,Mobile
1004,2025-12-31,Facebook,31573,2211,272,4710.31,9303.03,Northeast,Tablet
1001,2026-01-01,LinkedIn,14171,203,54,709.29,13918.23,West,Mobile
1002,2026-01-02,Facebook,31933,3749,392,4388.15,14438.47,South,Desktop
1008,2026-01-03,LinkedIn,6774,4460,250,4857.61,7732.59,Northeast,Tablet
1006,2026-01-04,Facebook,7519,3836,117,968.05,6901.81,Northeast,Tablet
1006,2026-01-05,Email,11983,1114,174,3638.12,4324.68,South,Mobile
1005,2026-01-06,Email,31932,4250,472,297.4,14391.3,South,Desktop
1007,2026-01-07,Email,31798,1963,170,2086.57,2313.65,West,Mobile
1003,2026-01-08,Google Ads,19133,1266,413,2629.79,8781.48,Northeast,Mobile
1007,2026-01-09,LinkedIn,15939,2451,18,2945.16,4381.74,Midwest,Desktop
1003,2026-01-10,Email,1781,1822,207,4686.09,4329.32,South,Desktop
1007,2026-01-11,Google Ads,28624,2010,292,3394.03,6193.54,Northeast,Mobile
1008,2026-01-12,LinkedIn,7823,2830,399,2458.26,14982.14,Northeast,Tablet
1002,2026-01-13,Facebook,19489,4854,193,4067.41,1013.5,West,Mobile
1002,2026-01-14,Google Ads,40961,4796,406,4757.61,8762.42,Midwest,Tablet
1001,2026-01-15,Instagram,30118,2921,159,208.12,1422.07,West,Mobile
1009,2026-01-16,Google Ads,35881,710,59,4914.35,2486.91,Midwest,Desktop
1002,2026-01-17,Google Ads,17280,2685,186,522.05,6705.53,Midwest,Tablet
1002,2026-01-18,LinkedIn,23263,2379,214,4090.5,7754.81,South,Desktop
1004,2026-01-19,Facebook,14565,4004,380,1473.64,4030.13,Northeast,Desktop
1004,2026-01-20,Instagram,21354,2500,475,747.68,4883.57,Northeast,Desktop
1001,2026-01-21,Email,43951,1182,79,2255.29,1487.11,Northeast,Desktop
1009,2026-01-22,Email,26643,749,281,3255.39,4687.65,Midwest,Desktop
1005,2026-01-23,Google Ads,24648,2088,432,1966.66,14505.06,Northeast,Mobile
1004,2026-01-24,LinkedIn,42971,4697,137,367.37,14181.67,South,Tablet
1005,2026-01-25,LinkedIn,19658,4550,347,3037.36,5156.2,Midwest,Mobile
1000,2026-01-26,Email,22253,4607,429,4521.78,8648.64,Midwest,Mobile
1004,2026-01-27,Instagram,49563,2229,63,1977.76,13662.01,Midwest,Mobile
1008,2026-01-28,Facebook,27390,2888,349,1160.03,291.52,Midwest,Desktop
1009,2026-01-29,Instagram,24128,923,493,2268.63,12198.12,South,Mobile
1001,2026-01-30,Facebook,14489,133,186,336.98,14235.87,Northeast,Tablet
1000,2026-01-31,Email,39314,1472,462,4120.39,1551.62,South,Mobile
1009,2026-02-01,Facebook,33658,2725,410,4149.07,2589.43,Northeast,Desktop
1008,2026-02-02,LinkedIn,7852,3230,343,2981.2,14419.05,South,Tablet
1009,2026-02-03,Google Ads,30450,4366,325,1830.2,8155.59,West,Tablet
1008,2026-02-04,Google Ads,3551,4025,68,4018.94,410.11,West,Tablet
1008,2026-02-05,Email,7411,1441,331,2817.97,4012.95,West,Tablet
1005,2026-02-06,LinkedIn,34243,3268,264,4147.07,6859.17,West,Mobile
1007,2026-02-07,Instagram,22800,4257,197,3194.15,10455.05,Midwest,Desktop
1000,2026-02-08,LinkedIn,11403,664,147,3943.59,11050.77,Midwest,Tablet
1009,2026-02-09,Google Ads,8239,3021,108,3032.96,14932.24,South,Tablet
1003,2026-02-10,Google Ads,7710,3615,464,2129.29,4455.17,South,Desktop
1000,2026-02-11,LinkedIn,22384,3626,410,4793.93,8165.66,West,Mobile
1007,2026-02-12,LinkedIn,22038,4620,218,2751.46,8093.19,Northeast,Tablet
1000,2026-02-13,Google Ads,41846,320,246,3064.94,6203.55,West,Mobile
1002,2026-02-14,Instagram,23447,4116,435,1180.39,2703.6,South,Mobile
1003,2026-02-15,Email,3285,2518,213,3165.69,14666.36,West,Mobile
1007,2026-02-16,Email,38991,1440,97,2900.88,12829.09,South,Mobile
1005,2026-02-17,LinkedIn,14521,3404,434,1005.71,7575.33,West,Tablet
1009,2026-02-18,Email,48657,4185,146,391.98,9128.03,Northeast,Tablet
1006,2026-02-19,Google Ads,7971,3657,438,3061.36,3563.46,West,Mobile
1007,2026-02-20,Google Ads,30139,2633,408,3842.09,8248.05,Northeast,Mobile
1001,2026-02-21,LinkedIn,20909,4123,438,2664.67,10485.56,Northeast,Desktop
1009,2026-02-22,LinkedIn,12531,3125,116,1211.19,7824.47,South,Desktop
1007,2026-02-23,LinkedIn,15721,3956,421,3365.96,14856.22,Northeast,Desktop
1002,2026-02-24,Instagram,20206,339,379,492.52,9247.86,Midwest,Tablet
1006,2026-02-25,Email,38711,2530,63,2264.99,5690.41,Midwest,Desktop
1002,2026-02-26,LinkedIn,7530,3302,47,900.5,11627.85,Midwest,Tablet
1006,2026-02-27,Facebook,12116,328,211,1003.85,2722.85,South,Tablet
1001,2026-02-28,Facebook,1258,2974,272,1091.24,5890.83,Midwest,Tablet
1009,2026-03-01,Google Ads,1282,630,300,1994.86,5334.99,South,Tablet
1005,2026-03-02,Email,14937,303,122,350.64,6590.75,South,Desktop
1002,2026-03-03,LinkedIn,2898,4326,24,2049.19,11770.34,Midwest,Mobile
1002,2026-03-04,Facebook,5135,4826,226,2607.37,7365.76,Northeast,Mobile
1008,2026-03-05,Email,7629,874,170,2468.14,11951.41,West,Mobile
1006,2026-03-06,Google Ads,44936,3882,135,1975.64,8732.04,South,Desktop
1004,2026-03-07,Instagram,20584,749,160,4211.82,5262.63,Midwest,Mobile
1009,2026-03-08,Email,24551,1430,188,812.1,12187.69,South,Desktop
1006,2026-03-09,Email,34380,3946,94,2577.91,3726.69,Northeast,Desktop
1008,2026-03-10,Instagram,47971,1723,98,404.0,3520.87,Northeast,Desktop
1000,2026-03-11,Email,18071,2777,17,448.66,7666.64,Midwest,Mobile
1006,2026-03-12,Google Ads,21074,3206,465,2911.94,4060.57,South,Mobile
1005,2026-03-13,Google Ads,26188,3438,326,2873.49,334.49,West,Mobile
1009,2026-03-14,Instagram,3307,4357,297,4402.36,9794.8,West,Tablet
1008,2026-03-15,LinkedIn,40901,433,437,2833.58,7764.19,South,Desktop
1000,2026-03-16,Facebook,12205,391,234,4802.98,6793.66,South,Tablet
1003,2026-03-17,LinkedIn,6906,2037,326,338.6,14511.13,South,Desktop
1008,2026-03-18,Email,3591,4109,296,580.24,8653.75,Midwest,Mobile
1003,2026-03-19,Facebook,16149,4989,442,315.92,12978.79,Northeast,Desktop
1009,2026-03-20,Instagram,45918,3159,30,1007.86,2263.86,West,Desktop
1002,2026-03-21,Instagram,40951,4132,79,2752.22,8624.26,Midwest,Tablet
1008,2026-03-22,Facebook,26150,4565,460,3263.3,13046.1,South,Desktop
1001,2026-03-23,Google Ads,32852,2848,368,323.37,8829.97,South,Mobile
1003,2026-03-24,Facebook,43870,3290,428,4735.26,10826.61,Northeast,Desktop
1005,2026-03-25,Email,2283,2038,303,4226.61,5706.24,South,Desktop
1001,2026-03-26,Google Ads,34691,3464,154,1553.4,1568.25,Midwest,Desktop
1007,2026-03-27,Instagram,2125,1899,152,478.22,6976.92,Midwest,Tablet
1007,2026-03-28,Facebook,2529,355,12,932.45,6038.29,Northeast,Desktop
1000,2026-03-29,LinkedIn,27170,3663,33,722.03,13032.49,Midwest,Desktop
1002,2026-03-30,LinkedIn,9438,2799,300,704.09,3811.13,West,Tablet
1009,2026-03-31,Email,21095,1185,478,2640.95,14507.67,Midwest,Tablet
1008,2026-04-01,LinkedIn,17154,255,418,1304.65,14380.44,Midwest,Tablet
1004,2026-04-02,Facebook,9004,4641,213,1854.88,3864.95,Midwest,Tablet
1005,2026-04-03,Facebook,10752,3500,132,4948.58,5351.17,West,Mobile
1003,2026-04-04,LinkedIn,44360,3861,344,3453.14,13454.22,South,Mobile
1009,2026-04-05,Facebook,27819,3672,120,4750.01,14506.01,Midwest,Desktop
1001,2026-04-06,Email,37632,3649,443,798.53,6762.9,Northeast,Mobile
1007,2026-04-07,Google Ads,27515,2601,148,1972.48,4950.76,West,Desktop
1005,2026-04-08,Email,25217,4358,434,2818.19,7986.19,Northeast,Mobile
1004,2026-04-09,Email,24172,359,322,476.11,10378.98,Midwest,Tablet
1008,2026-04-10,Facebook,33994,2758,239,120.52,4247.42,Northeast,Tablet
1000,2026-04-11,Google Ads,16036,2041,11,3385.13,11099.8,Midwest,Mobile
1004,2026-04-12,Facebook,12739,321,468,3244.92,964.53,West,Mobile
1005,2026-04-13,Instagram,33220,3692,49,2112.87,929.56,Northeast,Desktop
1004,2026-04-14,Facebook,10587,4136,447,2499.26,5917.06,Northeast,Desktop
1005,2026-04-15,Facebook,45517,1872,243,2135.67,5431.4,Midwest,Desktop
1005,2026-04-16,Facebook,31129,3323,444,217.62,4871.37,Midwest,Tablet
1006,2026-04-17,Google Ads,1645,4588,436,1743.32,7467.09,South,Tablet
1003,2026-04-18,Facebook,31930,4399,159,967.7,4946.86,Midwest,Tablet
1007,2026-04-19,Google Ads,17299,570,185,582.28,3045.42,Midwest,Tablet
1006,2026-04-20,LinkedIn,31090,1026,219,4787.93,4780.15,South,Desktop
1008,2026-04-21,Instagram,22953,3772,92,3036.86,14628.58,Midwest,Tablet
1006,2026-04-22,Google Ads,47443,3601,260,3670.42,6284.48,Midwest,Tablet
1002,2026-04-23,LinkedIn,27475,4155,77,1645.28,6781.75,South,Tablet
1002,2026-04-24,Google Ads,19888,2823,423,2026.42,8732.87,West,Tablet
1007,2026-04-25,Google Ads,44732,2602,183,1260.93,14753.44,West,Mobile
1004,2026-04-26,Instagram,17087,2882,216,575.13,3775.7,Midwest,Desktop
1003,2026-04-27,Email,47305,3957,297,977.26,10282.98,Midwest,Desktop
1007,2026-04-28,Email,47037,202,238,4007.82,10796.57,South,Tablet
1005,2026-04-29,Google Ads,10346,3014,469,3419.97,9188.4,South,Mobile
1001,2026-04-30,Facebook,1587,2966,243,2779.95,1510.96,West,Desktop
1003,2026-05-01,LinkedIn,13763,2850,227,2427.94,10217.71,Northeast,Desktop
1003,2026-05-02,Facebook,42945,1802,123,4619.93,1148.6,Midwest,Tablet
1005,2026-05-03,Facebook,5079,2660,317,456.4,9022.91,Northeast,Tablet
1005,2026-05-04,Google Ads,37116,3925,268,1474.94,11145.8,Northeast,Desktop
1000,2026-05-05,Google Ads,21215,1154,211,1814.7,3322.35,South,Desktop
1007,2026-05-06,Google Ads,26817,2586,99,3933.89,12656.01,Midwest,Mobile
1005,2026-05-07,Google Ads,25765,4249,377,4963.32,649.24,Midwest,Desktop
1002,2026-05-08,Email,31112,3904,226,1279.29,12688.43,South,Desktop
1008,2026-05-09,Google Ads,26556,3544,370,4384.11,7012.87,Northeast,Tablet
1001,2026-05-10,Email,19099,1964,280,4170.05,3420.3,South,Desktop
1007,2026-05-11,Email,44553,3122,384,1200.82,2179.92,West,Tablet
1009,2026-05-12,Google Ads,46096,1056,235,2056.73,14308.95,Midwest,Desktop
1002,2026-05-13,Instagram,7450,456,313,2107.4,1275.45,West,Desktop
1004,2026-05-14,LinkedIn,14230,216,123,4893.28,3146.58,South,Desktop
1005,2026-05-15,Facebook,30009,558,272,986.37,5347.77,Midwest,Mobile
1009,2026-05-16,Email,6433,1711,437,4015.87,9379.48,West,Tablet
1005,2026-05-17,LinkedIn,34866,3714,277,1737.54,8263.06,West,Mobile
1003,2026-05-18,Instagram,40864,3539,68,3681.26,2059.52,Northeast,Desktop
1002,2026-05-19,Facebook,19710,4908,302,2158.05,4487.97,Midwest,Mobile
1003,2026-05-20,Facebook,12439,730,354,2933.96,3733.53,West,Tablet
1000,2026-05-21,Email,42855,2574,417,4179.8,3360.43,West,Desktop
1003,2026-05-22,Google Ads,17021,2170,407,4040.41,6284.94,Northeast,Mobile
1000,2026-05-23,Instagram,7416,4727,498,4345.47,10619.67,West,Mobile
1000,2026-05-24,Email,7980,4407,15,392.12,3418.3,West,Tablet
1009,2026-05-25,Instagram,19058,1413,102,3491.05,5626.85,West,Mobile
1005,2026-05-26,Google Ads,12101,1381,438,785.94,5985.58,Northeast,Tablet
1004,2026-05-27,Google Ads,41718,2342,75,2137.51,14651.56,West,Desktop
1003,2026-05-28,Email,33602,1588,368,2788.08,14329.06,West,Desktop
1002,2026-05-29,Google Ads,10122,3458,62,2073.42,12042.04,Midwest,Mobile
1000,2026-05-30,LinkedIn,13576,610,294,2646.1,3776.55,Midwest,Desktop
1005,2026-05-31,Facebook,28516,1149,255,4982.98,1206.95,Northeast,Desktop
1001,2026-06-01,Email,23433,1953,280,762.56,4890.18,South,Mobile
1007,2026-06-02,Instagram,2089,224,54,3409.73,4148.56,Midwest,Desktop
1009,2026-06-03,LinkedIn,38346,2206,362,2040.4,7687.7,Northeast,Mobile
1004,2026-06-04,Email,10127,2280,220,751.75,11710.37,West,Tablet
1006,2026-06-05,Google Ads,11487,4337,398,877.81,12903.18,West,Tablet
1009,2026-06-06,Google Ads,1155,4210,420,4751.44,12703.99,Northeast,Tablet
1001,2026-06-07,Google Ads,2958,3970,56,4410.05,5523.2,West,Mobile
1007,2026-06-08,Google Ads,11693,1547,275,4544.51,10371.07,West,Mobile
1001,2026-06-09,Instagram,40112,3904,489,4958.51,4829.95,South,Desktop
1003,2026-06-10,LinkedIn,39547,3221,88,1120.75,1101.4,West,Desktop
1000,2026-06-11,Facebook,29795,1617,391,1841.65,10583.17,Midwest,Desktop
1004,2026-06-12,Instagram,22447,1201,297,3379.17,345.45,West,Desktop
1008,2026-06-13,Instagram,37598,418,130,2470.63,6255.9,Northeast,Desktop
1000,2026-06-14,Facebook,42814,4996,300,2150.11,5074.81,South,Mobile
1008,2026-06-15,Facebook,26215,92,76,1853.28,10461.99,West,Mobile
1007,2026-06-16,Google Ads,10794,1957,300,3009.53,11540.43,Northeast,Tablet
1005,2026-06-17,Instagram,34209,3540,240,2920.41,4700.6,Midwest,Tablet
1006,2026-06-18,Email,23424,2585,60,891.14,12212.08,West,Tablet
1002,2026-06-19,Facebook,48246,4223,411,2411.53,4549.97,South,Tablet
1000,2026-06-20,Facebook,38396,2923,364,2812.01,6805.63,West,Mobile
1004,2026-06-21,LinkedIn,7370,1874,399,2894.41,10959.87,Northeast,Mobile
1001,2026-06-22,Email,10528,1343,114,1129.53,10455.22,South,Mobile
1004,2026-06-23,Email,29276,4819,196,3737.13,14813.05,West,Desktop
1007,2026-06-24,Facebook,45333,4846,396,223.48,3532.38,Midwest,Desktop
1008,2026-06-25,Google Ads,9179,4904,97,1838.68,10002.31,South,Tablet
1001,2026-06-26,LinkedIn,49781,3436,354,3923.04,9223.29,Midwest,Desktop
1002,2026-06-27,Email,17843,3022,60,2863.08,13743.46,Northeast,Mobile
1002,2026-06-28,Facebook,24952,3972,64,1379.7,2514.16,West,Tablet
1000,2026-06-29,Email,34160,1042,142,3505.27,11326.61,Midwest,Tablet
1007,2026-06-30,LinkedIn,45898,2436,43,2880.22,8610.38,Northeast,Desktop
1005,2026-07-01,LinkedIn,30516,2290,32,4001.59,4265.05,West,Tablet
1007,2026-07-02,Instagram,11449,1526,53,3701.62,7221.64,Northeast,Desktop
1008,2026-07-03,Facebook,22125,3457,424,3089.53,5139.89,Midwest,Desktop
1004,2026-07-04,LinkedIn,8418,439,129,2492.07,8773.84,Northeast,Tablet
1002,2026-07-05,Instagram,23746,1049,17,752.59,13357.21,South,Desktop
1004,2026-07-06,Instagram,3454,4670,484,1380.53,8625.71,West,Desktop
1004,2026-07-07,Email,18761,1905,40,2153.59,9549.49,Northeast,Desktop
1004,2026-07-08,Email,16223,708,105,3036.57,7877.47,Midwest,Desktop
1002,2026-07-09,Instagram,7701,2813,286,2617.17,957.25,West,Tablet
1009,2026-07-10,Email,3597,3713,90,1512.1,3646.31,South,Mobile
1003,2026-07-11,LinkedIn,1141,1531,8,131.68,7481.63,West,Mobile
1008,2026-07-12,Google Ads,3659,3781,227,2531.57,4791.48,South,Desktop
1009,2026-07-13,LinkedIn,21980,501,342,1499.57,2890.1,West,Desktop
1008,2026-07-14,Instagram,10031,2525,452,3699.58,7661.17,Northeast,Desktop
1001,2026-07-15,Instagram,16037,3272,170,217.34,4977.58,Northeast,Mobile
1007,2026-07-16,LinkedIn,47738,1587,387,2965.66,4019.99,Midwest,Desktop
1007,2026-07-17,Email,39429,3143,348,4713.22,7066.98,South,Tablet
1006,2026-07-18,Email,7142,932,387,954.61,2172.61,Midwest,Tablet
1007,2026-07-19,Instagram,13109,4458,380,2411.08,13930.64,Northeast,Tablet
1002,2026-07-20,Facebook,23010,4118,475,547.97,13041.99,South,Mobile
1005,2026-07-21,Email,9787,4985,282,3165.84,10672.78,Midwest,Desktop
1000,2026-07-22,LinkedIn,43864,2616,134,2797.61,1771.96,Midwest,Desktop
1006,2026-07-23,Email,9472,3327,35,2096.09,11682.98,Midwest,Desktop
1000,2026-07-24,LinkedIn,24383,424,379,2654.75,12157.77,Midwest,Mobile
1008,2026-07-25,Instagram,5249,4596,15,4493.22,11562.92,Midwest,Mobile
1000,2026-07-26,Email,48717,3747,480,1061.84,1886.7,South,Mobile
1000,2026-07-27,LinkedIn,35518,3112,306,210.57,9729.84,Midwest,Mobile
1006,2026-07-28,Instagram,19351,4740,100,4322.16,12548.01,South,Tablet
1001,2026-07-29,Facebook,5088,3300,194,2927.87,8744.83,Midwest,Mobile
1004,2026-07-30,LinkedIn,16282,4645,457,4464.23,9766.83,Northeast,Mobile
1007,2026-07-31,Facebook,20330,4609,196,3025.03,6983.78,Northeast,Mobile
1007,2026-08-01,Facebook,43409,162,490,4069.79,8024.87,Midwest,Desktop
1002,2026-08-02,Google Ads,22778,3247,270,2205.4,708.78,West,Desktop
1006,2026-08-03,Email,25264,2428,428,3774.31,9656.65,Northeast,Desktop
1002,2026-08-04,LinkedIn,6075,1974,132,4573.9,1405.42,South,Tablet
1005,2026-08-05,Facebook,11412,189,242,2903.4,6638.22,Midwest,Tablet
1005,2026-08-06,Google Ads,49454,1474,412,985.85,4531.3,South,Mobile
1002,2026-08-07,Instagram,29365,2999,359,1417.11,8272.33,West,Desktop
1006,2026-08-08,LinkedIn,8230,3218,432,1073.36,2174.56,Midwest,Tablet
1002,2026-08-09,Facebook,49200,566,116,1309.6,10436.32,Northeast,Desktop
1007,2026-08-10,Email,12002,2666,320,1601.44,11966.17,South,Tablet
1009,2026-08-11,Google Ads,14947,937,450,2820.16,2617.65,Northeast,Tablet
1003,2026-08-12,Facebook,14686,3154,347,2981.16,1743.83,Northeast,Mobile
1000,2026-08-13,Email,30304,99,149,2189.85,2353.63,Midwest,Mobile
1003,2026-08-14,Facebook,14074,4001,69,3115.56,13181.49,South,Tablet
1006,2026-08-15,LinkedIn,5493,3610,251,499.72,8017.2,West,Mobile
1003,2026-08-16,LinkedIn,35228,68,227,530.16,7115.46,Northeast,Tablet
1005,2026-08-17,LinkedIn,15140,4871,483,941.96,1779.33,Midwest,Tablet
1008,2026-08-18,Google Ads,32655,1523,494,2638.58,9813.43,Midwest,Desktop
1000,2026-08-19,LinkedIn,44472,4111,317,1148.57,13046.39,West,Mobile
1004,2026-08-20,Email,7816,2656,443,1488.09,12457.15,Midwest,Mobile
1006,2026-08-21,Facebook,12639,501,110,2061.53,9465.61,Northeast,Mobile
1000,2026-08-22,Instagram,48192,3815,185,4078.14,1314.13,Midwest,Desktop
1003,2026-08-23,Email,47733,2488,188,167.92,1863.48,South,Desktop
1005,2026-08-24,Email,30492,4360,230,3281.96,929.77,South,Desktop
1001,2026-08-25,LinkedIn,12240,1599,269,3377.5,4010.69,Northeast,Mobile
1009,2026-08-26,Google Ads,33698,3524,282,4013.41,2207.79,South,Mobile
1004,2026-08-27,Facebook,27957,177,401,4670.49,4048.71,West,Mobile
1009,2026-08-28,Google Ads,33808,4905,93,198.68,5898.86,Midwest,Desktop
1000,2026-08-29,Facebook,6827,2811,180,853.54,14156.15,Northeast,Desktop
1005,2026-08-30,Facebook,33762,4506,22,4442.24,9233.57,West,Tablet
1005,2026-08-31,Google Ads,9259,4714,375,2346.74,12557.61,Midwest,Desktop
1003,2026-09-01,Email,15849,1465,464,2866.49,10713.2,West,Tablet
1007,2026-09-02,Facebook,17232,251,428,3348.83,1865.05,Northeast,Mobile
1003,2026-09-03,Google Ads,41572,2419,405,3427.43,11091.62,Northeast,Desktop
1007,2026-09-04,Facebook,25173,567,403,4665.53,4271.46,West,Mobile
1007,2026-09-05,Instagram,6374,1391,110,4985.05,9658.8,Midwest,Mobile
1004,2026-09-06,Email,22174,4826,275,3628.77,5246.24,South,Mobile
1003,2026-09-07,LinkedIn,24567,2038,467,1507.38,14965.55,South,Mobile
1001,2026-09-08,Facebook,36292,3595,323,4410.79,4100.56,West,Desktop
1002,2026-09-09,Instagram,10277,4570,171,341.18,4331.13,Northeast,Mobile
1002,2026-09-10,LinkedIn,32600,3852,17,1232.3,13973.95,Midwest,Tablet
1003,2026-09-11,LinkedIn,10885,3325,341,4497.19,564.74,Midwest,Desktop
1003,2026-09-12,Facebook,1778,3704,36,1355.34,10511.0,Northeast,Mobile
1009,2026-09-13,Google Ads,30165,2484,397,1181.19,10934.83,South,Desktop
1004,2026-09-14,Facebook,2492,4923,44,776.81,12578.4,Midwest,Tablet
1003,2026-09-15,Instagram,31462,257,152,4309.65,14621.7,West,Mobile
1009,2026-09-16,LinkedIn,14615,2683,222,2550.29,14638.91,South,Tablet
1007,2026-09-17,Facebook,45900,4167,223,3406.98,1166.1,West,Mobile
1005,2026-09-18,Google Ads,43946,203,473,1271.43,12363.22,South,Tablet
1005,2026-09-19,Facebook,8851,3416,86,3814.4,9765.39,Northeast,Mobile
1007,2026-09-20,Email,17288,4364,337,3824.03,9780.66,West,Desktop
1006,2026-09-21,Google Ads,8156,4814,212,1631.73,2099.58,West,Mobile
1009,2026-09-22,Instagram,3044,1568,205,2112.34,9822.77,Northeast,Desktop
1009,2026-09-23,LinkedIn,8368,2650,451,1127.48,14740.74,West,Mobile
1007,2026-09-24,Facebook,20900,2245,336,4885.15,13694.91,South,Mobile
1001,2026-09-25,Google Ads,31600,4548,432,3263.45,6699.13,Midwest,Tablet
1008,2026-09-26,Email,47403,4741,42,4679.27,791.23,Midwest,Tablet
